"filename", "language", "Markdown", "JavaScript", "HTML", "JSON", "JSON with Comments", "TypeScript", "Python", "TypeScript JSX", "CSS", "YAML", "comment", "blank", "total"
"c:\Users\pete.richards\OneDrive - KSM Business Services Inc\Desktop\projects\map-ledger\.github\workflows\azure-static-web-apps-gray-tree-0c1f9910f.yml", "YAML", 0, 0, 0, 0, 0, 0, 0, 0, 0, 58, 3, 4, 65
"c:\Users\pete.richards\OneDrive - KSM Business Services Inc\Desktop\projects\map-ledger\AGENTS.md", "Markdown", 10, 0, 0, 0, 0, 0, 0, 0, 0, 0, 0, 3, 13
"c:\Users\pete.richards\OneDrive - KSM Business Services Inc\Desktop\projects\map-ledger\README.md", "Markdown", 34, 0, 0, 0, 0, 0, 0, 0, 0, 0, 0, 18, 52
"c:\Users\pete.richards\OneDrive - KSM Business Services Inc\Desktop\projects\map-ledger\ai-mapping-agent\app.py", "Python", 0, 0, 0, 0, 0, 0, 6, 0, 0, 0, 0, 5, 11
"c:\Users\pete.richards\OneDrive - KSM Business Services Inc\Desktop\projects\map-ledger\ai-mapping-agent\utils\__init__.py", "Python", 0, 0, 0, 0, 0, 0, 0, 0, 0, 0, 0, 1, 1
"c:\Users\pete.richards\OneDrive - KSM Business Services Inc\Desktop\projects\map-ledger\ai-mapping-agent\utils\ui_utils.py", "Python", 0, 0, 0, 0, 0, 0, 17, 0, 0, 0, 0, 7, 24
"c:\Users\pete.richards\OneDrive - KSM Business Services Inc\Desktop\projects\map-ledger\backend\.eslintrc.json", "JSON", 0, 0, 0, 10, 0, 0, 0, 0, 0, 0, 0, 1, 11
"c:\Users\pete.richards\OneDrive - KSM Business Services Inc\Desktop\projects\map-ledger\backend\.prettierrc", "JSON", 0, 0, 0, 4, 0, 0, 0, 0, 0, 0, 0, 1, 5
"c:\Users\pete.richards\OneDrive - KSM Business Services Inc\Desktop\projects\map-ledger\backend\AGENTS.md", "Markdown", 8, 0, 0, 0, 0, 0, 0, 0, 0, 0, 0, 3, 11
"c:\Users\pete.richards\OneDrive - KSM Business Services Inc\Desktop\projects\map-ledger\backend\README.md", "Markdown", 30, 0, 0, 0, 0, 0, 0, 0, 0, 0, 0, 14, 44
"c:\Users\pete.richards\OneDrive - KSM Business Services Inc\Desktop\projects\map-ledger\backend\aiGenerate\function.json", "JSON", 0, 0, 0, 19, 0, 0, 0, 0, 0, 0, 0, 1, 20
"c:\Users\pete.richards\OneDrive - KSM Business Services Inc\Desktop\projects\map-ledger\backend\aiGenerate\index.ts", "TypeScript", 0, 0, 0, 0, 0, 52, 0, 0, 0, 0, 5, 9, 66
"c:\Users\pete.richards\OneDrive - KSM Business Services Inc\Desktop\projects\map-ledger\backend\eslint.config.cjs", "JavaScript", 0, 12, 0, 0, 0, 0, 0, 0, 0, 0, 0, 1, 13
"c:\Users\pete.richards\OneDrive - KSM Business Services Inc\Desktop\projects\map-ledger\backend\health\function.json", "JSON", 0, 0, 0, 19, 0, 0, 0, 0, 0, 0, 0, 1, 20
"c:\Users\pete.richards\OneDrive - KSM Business Services Inc\Desktop\projects\map-ledger\backend\health\index.ts", "TypeScript", 0, 0, 0, 0, 0, 5, 0, 0, 0, 0, 0, 2, 7
"c:\Users\pete.richards\OneDrive - KSM Business Services Inc\Desktop\projects\map-ledger\backend\host.json", "JSON", 0, 0, 0, 3, 0, 0, 0, 0, 0, 0, 0, 1, 4
"c:\Users\pete.richards\OneDrive - KSM Business Services Inc\Desktop\projects\map-ledger\backend\jest.config.cjs", "JavaScript", 0, 0, 0, 0, 0, 0, 0, 0, 0, 0, 0, 1, 1
"c:\Users\pete.richards\OneDrive - KSM Business Services Inc\Desktop\projects\map-ledger\backend\package.json", "JSON", 0, 0, 0, 25, 0, 0, 0, 0, 0, 0, 0, 0, 25
"c:\Users\pete.richards\OneDrive - KSM Business Services Inc\Desktop\projects\map-ledger\backend\src\entities\AGENTS.md", "Markdown", 20, 0, 0, 0, 0, 0, 0, 0, 0, 0, 0, 8, 28
"c:\Users\pete.richards\OneDrive - KSM Business Services Inc\Desktop\projects\map-ledger\backend\src\entities\GLAccountRaw.ts", "TypeScript", 0, 0, 0, 0, 0, 19, 0, 0, 0, 0, 0, 8, 27
"c:\Users\pete.richards\OneDrive - KSM Business Services Inc\Desktop\projects\map-ledger\backend\src\entities\GLUpload.ts", "TypeScript", 0, 0, 0, 0, 0, 8, 0, 0, 0, 0, 0, 3, 11
"c:\Users\pete.richards\OneDrive - KSM Business Services Inc\Desktop\projects\map-ledger\backend\src\entities\Industry.ts", "TypeScript", 0, 0, 0, 0, 0, 8, 0, 0, 0, 0, 0, 3, 11
"c:\Users\pete.richards\OneDrive - KSM Business Services Inc\Desktop\projects\map-ledger\backend\src\entities\MappingSuggestion.ts", "TypeScript", 0, 0, 0, 0, 0, 8, 0, 0, 0, 0, 0, 3, 11
"c:\Users\pete.richards\OneDrive - KSM Business Services Inc\Desktop\projects\map-ledger\backend\src\entities\MasterClient.ts", "TypeScript", 0, 0, 0, 0, 0, 8, 0, 0, 0, 0, 0, 3, 11
"c:\Users\pete.richards\OneDrive - KSM Business Services Inc\Desktop\projects\map-ledger\backend\src\functions\AGENTS.md", "Markdown", 39, 0, 0, 0, 0, 0, 0, 0, 0, 0, 0, 13, 52
"c:\Users\pete.richards\OneDrive - KSM Business Services Inc\Desktop\projects\map-ledger\backend\src\functions\datapointConfigs\create.ts", "TypeScript", 0, 0, 0, 0, 0, 34, 0, 0, 0, 0, 1, 5, 40
"c:\Users\pete.richards\OneDrive - KSM Business Services Inc\Desktop\projects\map-ledger\backend\src\functions\datapointConfigs\list.ts", "TypeScript", 0, 0, 0, 0, 0, 28, 0, 0, 0, 0, 1, 5, 34
"c:\Users\pete.richards\OneDrive - KSM Business Services Inc\Desktop\projects\map-ledger\backend\src\functions\datapointConfigs\update.ts", "TypeScript", 0, 0, 0, 0, 0, 60, 0, 0, 0, 0, 1, 7, 68
"c:\Users\pete.richards\OneDrive - KSM Business Services Inc\Desktop\projects\map-ledger\backend\src\functions\datapointConfigs\utils.ts", "TypeScript", 0, 0, 0, 0, 0, 67, 0, 0, 0, 0, 0, 5, 72
"c:\Users\pete.richards\OneDrive - KSM Business Services Inc\Desktop\projects\map-ledger\backend\src\functions\glUpload\index.ts", "TypeScript", 0, 0, 0, 0, 0, 4, 0, 0, 0, 0, 0, 2, 6
"c:\Users\pete.richards\OneDrive - KSM Business Services Inc\Desktop\projects\map-ledger\backend\src\functions\industries\index.ts", "TypeScript", 0, 0, 0, 0, 0, 4, 0, 0, 0, 0, 0, 2, 6
"c:\Users\pete.richards\OneDrive - KSM Business Services Inc\Desktop\projects\map-ledger\backend\src\functions\mappingSuggest\index.ts", "TypeScript", 0, 0, 0, 0, 0, 4, 0, 0, 0, 0, 0, 2, 6
"c:\Users\pete.richards\OneDrive - KSM Business Services Inc\Desktop\projects\map-ledger\backend\src\functions\masterclients\index.ts", "TypeScript", 0, 0, 0, 0, 0, 4, 0, 0, 0, 0, 0, 2, 6
"c:\Users\pete.richards\OneDrive - KSM Business Services Inc\Desktop\projects\map-ledger\backend\src\functions\userClients\index.ts", "TypeScript", 0, 0, 0, 0, 0, 71, 0, 0, 0, 0, 4, 12, 87
"c:\Users\pete.richards\OneDrive - KSM Business Services Inc\Desktop\projects\map-ledger\backend\src\http.ts", "TypeScript", 0, 0, 0, 0, 0, 51, 0, 0, 0, 0, 2, 14, 67
"c:\Users\pete.richards\OneDrive - KSM Business Services Inc\Desktop\projects\map-ledger\backend\src\openapi.ts", "TypeScript", 0, 0, 0, 0, 0, 30, 0, 0, 0, 0, 0, 2, 32
"c:\Users\pete.richards\OneDrive - KSM Business Services Inc\Desktop\projects\map-ledger\backend\src\repositories\datapointConfigurationRepository.ts", "TypeScript", 0, 0, 0, 0, 0, 367, 0, 0, 0, 0, 1, 45, 413
"c:\Users\pete.richards\OneDrive - KSM Business Services Inc\Desktop\projects\map-ledger\backend\src\repositories\userClientRepository.ts", "TypeScript", 0, 0, 0, 0, 0, 446, 0, 0, 0, 0, 4, 82, 532
"c:\Users\pete.richards\OneDrive - KSM Business Services Inc\Desktop\projects\map-ledger\backend\src\repositories\userClientRepositoryFallback.ts", "TypeScript", 0, 0, 0, 0, 0, 78, 0, 0, 0, 0, 0, 4, 82
"c:\Users\pete.richards\OneDrive - KSM Business Services Inc\Desktop\projects\map-ledger\backend\src\types\mssql.d.ts", "TypeScript", 0, 0, 0, 0, 0, 39, 0, 0, 0, 0, 0, 8, 47
"c:\Users\pete.richards\OneDrive - KSM Business Services Inc\Desktop\projects\map-ledger\backend\src\utils\auth.ts", "TypeScript", 0, 0, 0, 0, 0, 25, 0, 0, 0, 0, 0, 4, 29
"c:\Users\pete.richards\OneDrive - KSM Business Services Inc\Desktop\projects\map-ledger\backend\src\utils\openai.ts", "TypeScript", 0, 0, 0, 0, 0, 4, 0, 0, 0, 0, 0, 1, 5
"c:\Users\pete.richards\OneDrive - KSM Business Services Inc\Desktop\projects\map-ledger\backend\src\utils\requestParsers.ts", "TypeScript", 0, 0, 0, 0, 0, 17, 0, 0, 0, 0, 0, 3, 20
"c:\Users\pete.richards\OneDrive - KSM Business Services Inc\Desktop\projects\map-ledger\backend\src\utils\sqlClient.ts", "TypeScript", 0, 0, 0, 0, 0, 157, 0, 0, 0, 0, 3, 19, 179
"c:\Users\pete.richards\OneDrive - KSM Business Services Inc\Desktop\projects\map-ledger\backend\tests\datapointConfigurationRepository.test.ts", "TypeScript", 0, 0, 0, 0, 0, 241, 0, 0, 0, 0, 0, 27, 268
"c:\Users\pete.richards\OneDrive - KSM Business Services Inc\Desktop\projects\map-ledger\backend\tests\userClientRepository.test.ts", "TypeScript", 0, 0, 0, 0, 0, 127, 0, 0, 0, 0, 0, 20, 147
"c:\Users\pete.richards\OneDrive - KSM Business Services Inc\Desktop\projects\map-ledger\backend\tsconfig.json", "JSON with Comments", 0, 0, 0, 0, 26, 0, 0, 0, 0, 0, 0, 0, 26
"c:\Users\pete.richards\OneDrive - KSM Business Services Inc\Desktop\projects\map-ledger\backend\userClients\function.json", "JSON", 0, 0, 0, 19, 0, 0, 0, 0, 0, 0, 0, 1, 20
"c:\Users\pete.richards\OneDrive - KSM Business Services Inc\Desktop\projects\map-ledger\backend\userClients\index.ts", "TypeScript", 0, 0, 0, 0, 0, 25, 0, 0, 0, 0, 2, 3, 30
"c:\Users\pete.richards\OneDrive - KSM Business Services Inc\Desktop\projects\map-ledger\docs\azure-sql-integration-guide.md", "Markdown", 96, 0, 0, 0, 0, 0, 0, 0, 0, 0, 0, 14, 110
"c:\Users\pete.richards\OneDrive - KSM Business Services Inc\Desktop\projects\map-ledger\docs\map-ledger-mapping-ui-prototype.html", "HTML", 0, 0, 536, 0, 0, 0, 0, 0, 0, 0, 1, 26, 563
"c:\Users\pete.richards\OneDrive - KSM Business Services Inc\Desktop\projects\map-ledger\docs\runbook.html", "HTML", 0, 0, 833, 0, 0, 0, 0, 0, 0, 0, 0, 12, 845
"c:\Users\pete.richards\OneDrive - KSM Business Services Inc\Desktop\projects\map-ledger\docs\runbook2.html", "HTML", 0, 0, 621, 0, 0, 0, 0, 0, 0, 0, 2, 36, 659
"c:\Users\pete.richards\OneDrive - KSM Business Services Inc\Desktop\projects\map-ledger\docs\runbook_detailed.html", "HTML", 0, 0, 1410, 0, 0, 0, 0, 0, 0, 0, 24, 44, 1478
"c:\Users\pete.richards\OneDrive - KSM Business Services Inc\Desktop\projects\map-ledger\frontend\.eslintrc.json", "JSON", 0, 0, 0, 12, 0, 0, 0, 0, 0, 0, 0, 1, 13
"c:\Users\pete.richards\OneDrive - KSM Business Services Inc\Desktop\projects\map-ledger\frontend\.prettierrc", "JSON", 0, 0, 0, 4, 0, 0, 0, 0, 0, 0, 0, 1, 5
"c:\Users\pete.richards\OneDrive - KSM Business Services Inc\Desktop\projects\map-ledger\frontend\.stylelintrc.cjs", "JavaScript", 0, 7, 0, 0, 0, 0, 0, 0, 0, 0, 0, 1, 8
"c:\Users\pete.richards\OneDrive - KSM Business Services Inc\Desktop\projects\map-ledger\frontend\AGENTS.md", "Markdown", 11, 0, 0, 0, 0, 0, 0, 0, 0, 0, 0, 3, 14
"c:\Users\pete.richards\OneDrive - KSM Business Services Inc\Desktop\projects\map-ledger\frontend\eslint.config.js", "JavaScript", 0, 29, 0, 0, 0, 0, 0, 0, 0, 0, 0, 2, 31
"c:\Users\pete.richards\OneDrive - KSM Business Services Inc\Desktop\projects\map-ledger\frontend\index.html", "HTML", 0, 0, 12, 0, 0, 0, 0, 0, 0, 0, 0, 1, 13
"c:\Users\pete.richards\OneDrive - KSM Business Services Inc\Desktop\projects\map-ledger\frontend\jest.config.cjs", "JavaScript", 0, 16, 0, 0, 0, 0, 0, 0, 0, 0, 0, 1, 17
"c:\Users\pete.richards\OneDrive - KSM Business Services Inc\Desktop\projects\map-ledger\frontend\package.json", "JSON", 0, 0, 0, 52, 0, 0, 0, 0, 0, 0, 0, 1, 53
"c:\Users\pete.richards\OneDrive - KSM Business Services Inc\Desktop\projects\map-ledger\frontend\postcss.config.js", "JavaScript", 0, 6, 0, 0, 0, 0, 0, 0, 0, 0, 0, 1, 7
"c:\Users\pete.richards\OneDrive - KSM Business Services Inc\Desktop\projects\map-ledger\frontend\src\App.tsx", "TypeScript JSX", 0, 0, 0, 0, 0, 0, 0, 186, 0, 0, 0, 11, 197
"c:\Users\pete.richards\OneDrive - KSM Business Services Inc\Desktop\projects\map-ledger\frontend\src\components\AGENTS.md", "Markdown", 15, 0, 0, 0, 0, 0, 0, 0, 0, 0, 0, 5, 20
"c:\Users\pete.richards\OneDrive - KSM Business Services Inc\Desktop\projects\map-ledger\frontend\src\components\AuthErrorAlert.tsx", "TypeScript JSX", 0, 0, 0, 0, 0, 0, 0, 10, 0, 0, 0, 2, 12
"c:\Users\pete.richards\OneDrive - KSM Business Services Inc\Desktop\projects\map-ledger\frontend\src\components\Layout.tsx", "TypeScript JSX", 0, 0, 0, 0, 0, 0, 0, 18, 0, 0, 0, 1, 19
"c:\Users\pete.richards\OneDrive - KSM Business Services Inc\Desktop\projects\map-ledger\frontend\src\components\Navbar.tsx", "TypeScript JSX", 0, 0, 0, 0, 0, 0, 0, 91, 0, 0, 0, 15, 106
"c:\Users\pete.richards\OneDrive - KSM Business Services Inc\Desktop\projects\map-ledger\frontend\src\components\Sidebar.tsx", "TypeScript JSX", 0, 0, 0, 0, 0, 0, 0, 70, 0, 0, 0, 11, 81
"c:\Users\pete.richards\OneDrive - KSM Business Services Inc\Desktop\projects\map-ledger\frontend\src\components\ThemeProvider.tsx", "TypeScript JSX", 0, 0, 0, 0, 0, 0, 0, 37, 0, 0, 0, 11, 48
"c:\Users\pete.richards\OneDrive - KSM Business Services Inc\Desktop\projects\map-ledger\frontend\src\components\import\ColumnMatcher.tsx", "TypeScript JSX", 0, 0, 0, 0, 0, 0, 0, 123, 0, 0, 0, 17, 140
"c:\Users\pete.richards\OneDrive - KSM Business Services Inc\Desktop\projects\map-ledger\frontend\src\components\import\ExcludeAccounts.tsx", "TypeScript JSX", 0, 0, 0, 0, 0, 0, 0, 81, 0, 0, 3, 9, 93
"c:\Users\pete.richards\OneDrive - KSM Business Services Inc\Desktop\projects\map-ledger\frontend\src\components\import\ImportForm.tsx", "TypeScript JSX", 0, 0, 0, 0, 0, 0, 0, 492, 0, 0, 6, 61, 559
"c:\Users\pete.richards\OneDrive - KSM Business Services Inc\Desktop\projects\map-ledger\frontend\src\components\import\ImportHistory.tsx", "TypeScript JSX", 0, 0, 0, 0, 0, 0, 0, 381, 0, 0, 0, 31, 412
"c:\Users\pete.richards\OneDrive - KSM Business Services Inc\Desktop\projects\map-ledger\frontend\src\components\import\PreviewTable.tsx", "TypeScript JSX", 0, 0, 0, 0, 0, 0, 0, 125, 0, 0, 0, 16, 141
"c:\Users\pete.richards\OneDrive - KSM Business Services Inc\Desktop\projects\map-ledger\frontend\src\components\import\TemplateGuide.tsx", "TypeScript JSX", 0, 0, 0, 0, 0, 0, 0, 63, 0, 0, 0, 5, 68
"c:\Users\pete.richards\OneDrive - KSM Business Services Inc\Desktop\projects\map-ledger\frontend\src\components\integrations\ConnectionStatus.tsx", "TypeScript JSX", 0, 0, 0, 0, 0, 0, 0, 37, 0, 0, 0, 2, 39
"c:\Users\pete.richards\OneDrive - KSM Business Services Inc\Desktop\projects\map-ledger\frontend\src\components\integrations\IntegrationCard.tsx", "TypeScript JSX", 0, 0, 0, 0, 0, 0, 0, 54, 0, 0, 0, 3, 57
"c:\Users\pete.richards\OneDrive - KSM Business Services Inc\Desktop\projects\map-ledger\frontend\src\components\integrations\SetupWizard.tsx", "TypeScript JSX", 0, 0, 0, 0, 0, 0, 0, 68, 0, 0, 0, 4, 72
"c:\Users\pete.richards\OneDrive - KSM Business Services Inc\Desktop\projects\map-ledger\frontend\src\components\integrations\StatusBadge.tsx", "TypeScript JSX", 0, 0, 0, 0, 0, 0, 0, 20, 0, 0, 0, 3, 23
"c:\Users\pete.richards\OneDrive - KSM Business Services Inc\Desktop\projects\map-ledger\frontend\src\components\mapping\BatchExclude.tsx", "TypeScript JSX", 0, 0, 0, 0, 0, 0, 0, 52, 0, 0, 0, 3, 55
"c:\Users\pete.richards\OneDrive - KSM Business Services Inc\Desktop\projects\map-ledger\frontend\src\components\mapping\BatchMapModal.tsx", "TypeScript JSX", 0, 0, 0, 0, 0, 0, 0, 209, 0, 0, 0, 17, 226
"c:\Users\pete.richards\OneDrive - KSM Business Services Inc\Desktop\projects\map-ledger\frontend\src\components\mapping\BuildDatapointModal.tsx", "TypeScript JSX", 0, 0, 0, 0, 0, 0, 0, 191, 0, 0, 0, 16, 207
"c:\Users\pete.richards\OneDrive - KSM Business Services Inc\Desktop\projects\map-ledger\frontend\src\components\mapping\DistributionTable.tsx", "TypeScript JSX", 0, 0, 0, 0, 0, 0, 0, 501, 0, 0, 0, 28, 529
"c:\Users\pete.richards\OneDrive - KSM Business Services Inc\Desktop\projects\map-ledger\frontend\src\components\mapping\DynamicAllocationRow.tsx", "TypeScript JSX", 0, 0, 0, 0, 0, 0, 0, 520, 0, 0, 0, 31, 551
"c:\Users\pete.richards\OneDrive - KSM Business Services Inc\Desktop\projects\map-ledger\frontend\src\components\mapping\MappingExclusionCell.tsx", "TypeScript JSX", 0, 0, 0, 0, 0, 0, 0, 40, 0, 0, 0, 11, 51
"c:\Users\pete.richards\OneDrive - KSM Business Services Inc\Desktop\projects\map-ledger\frontend\src\components\mapping\MappingHeader.tsx", "TypeScript JSX", 0, 0, 0, 0, 0, 0, 0, 93, 0, 0, 0, 7, 100
"c:\Users\pete.richards\OneDrive - KSM Business Services Inc\Desktop\projects\map-ledger\frontend\src\components\mapping\MappingMonthHelper.tsx", "TypeScript JSX", 0, 0, 0, 0, 0, 0, 0, 55, 0, 0, 0, 4, 59
"c:\Users\pete.richards\OneDrive - KSM Business Services Inc\Desktop\projects\map-ledger\frontend\src\components\mapping\MappingSplitRow.tsx", "TypeScript JSX", 0, 0, 0, 0, 0, 0, 0, 310, 0, 0, 0, 25, 335
"c:\Users\pete.richards\OneDrive - KSM Business Services Inc\Desktop\projects\map-ledger\frontend\src\components\mapping\MappingTable.tsx", "TypeScript JSX", 0, 0, 0, 0, 0, 0, 0, 763, 0, 0, 0, 44, 807
"c:\Users\pete.richards\OneDrive - KSM Business Services Inc\Desktop\projects\map-ledger\frontend\src\components\mapping\MappingToolbar.tsx", "TypeScript JSX", 0, 0, 0, 0, 0, 0, 0, 321, 0, 0, 0, 13, 334
"c:\Users\pete.richards\OneDrive - KSM Business Services Inc\Desktop\projects\map-ledger\frontend\src\components\mapping\MonthScopeIndicator.tsx", "TypeScript JSX", 0, 0, 0, 0, 0, 0, 0, 52, 0, 0, 2, 11, 65
"c:\Users\pete.richards\OneDrive - KSM Business Services Inc\Desktop\projects\map-ledger\frontend\src\components\mapping\MonthScopeSelector.tsx", "TypeScript JSX", 0, 0, 0, 0, 0, 0, 0, 162, 0, 0, 0, 13, 175
"c:\Users\pete.richards\OneDrive - KSM Business Services Inc\Desktop\projects\map-ledger\frontend\src\components\mapping\PresetModal.tsx", "TypeScript JSX", 0, 0, 0, 0, 0, 0, 0, 73, 0, 0, 0, 9, 82
"c:\Users\pete.richards\OneDrive - KSM Business Services Inc\Desktop\projects\map-ledger\frontend\src\components\mapping\RatioAllocationBuilder.tsx", "TypeScript JSX", 0, 0, 0, 0, 0, 0, 0, 838, 0, 0, 0, 40, 878
"c:\Users\pete.richards\OneDrive - KSM Business Services Inc\Desktop\projects\map-ledger\frontend\src\components\mapping\RatioAllocationList.tsx", "TypeScript JSX", 0, 0, 0, 0, 0, 0, 0, 97, 0, 0, 0, 7, 104
"c:\Users\pete.richards\OneDrive - KSM Business Services Inc\Desktop\projects\map-ledger\frontend\src\components\mapping\RatioAllocationManager.tsx", "TypeScript JSX", 0, 0, 0, 0, 0, 0, 0, 74, 0, 0, 0, 8, 82
"c:\Users\pete.richards\OneDrive - KSM Business Services Inc\Desktop\projects\map-ledger\frontend\src\components\mapping\ReviewPane.tsx", "TypeScript JSX", 0, 0, 0, 0, 0, 0, 0, 376, 0, 0, 0, 22, 398
"c:\Users\pete.richards\OneDrive - KSM Business Services Inc\Desktop\projects\map-ledger\frontend\src\components\mapping\StepTabs.tsx", "TypeScript JSX", 0, 0, 0, 0, 0, 0, 0, 45, 0, 0, 0, 6, 51
"c:\Users\pete.richards\OneDrive - KSM Business Services Inc\Desktop\projects\map-ledger\frontend\src\components\mapping\SummaryCards.tsx", "TypeScript JSX", 0, 0, 0, 0, 0, 0, 0, 76, 0, 0, 0, 7, 83
"c:\Users\pete.richards\OneDrive - KSM Business Services Inc\Desktop\projects\map-ledger\frontend\src\components\mapping\presets.ts", "TypeScript", 0, 0, 0, 0, 0, 6, 0, 0, 0, 0, 0, 1, 7
"c:\Users\pete.richards\OneDrive - KSM Business Services Inc\Desktop\projects\map-ledger\frontend\src\components\templates\DatapointForm.tsx", "TypeScript JSX", 0, 0, 0, 0, 0, 0, 0, 193, 0, 0, 0, 19, 212
"c:\Users\pete.richards\OneDrive - KSM Business Services Inc\Desktop\projects\map-ledger\frontend\src\components\templates\DatapointList.tsx", "TypeScript JSX", 0, 0, 0, 0, 0, 0, 0, 168, 0, 0, 0, 11, 179
"c:\Users\pete.richards\OneDrive - KSM Business Services Inc\Desktop\projects\map-ledger\frontend\src\components\templates\FormulaBuilder.tsx", "TypeScript JSX", 0, 0, 0, 0, 0, 0, 0, 110, 0, 0, 2, 13, 125
"c:\Users\pete.richards\OneDrive - KSM Business Services Inc\Desktop\projects\map-ledger\frontend\src\components\templates\TemplateForm.tsx", "TypeScript JSX", 0, 0, 0, 0, 0, 0, 0, 239, 0, 0, 0, 19, 258
"c:\Users\pete.richards\OneDrive - KSM Business Services Inc\Desktop\projects\map-ledger\frontend\src\components\templates\TemplateImportForm.tsx", "TypeScript JSX", 0, 0, 0, 0, 0, 0, 0, 90, 0, 0, 0, 5, 95
"c:\Users\pete.richards\OneDrive - KSM Business Services Inc\Desktop\projects\map-ledger\frontend\src\components\templates\TemplateList.tsx", "TypeScript JSX", 0, 0, 0, 0, 0, 0, 0, 80, 0, 0, 0, 2, 82
"c:\Users\pete.richards\OneDrive - KSM Business Services Inc\Desktop\projects\map-ledger\frontend\src\components\ui\Button.tsx", "TypeScript JSX", 0, 0, 0, 0, 0, 0, 0, 50, 0, 0, 0, 5, 55
"c:\Users\pete.richards\OneDrive - KSM Business Services Inc\Desktop\projects\map-ledger\frontend\src\components\ui\Card.tsx", "TypeScript JSX", 0, 0, 0, 0, 0, 0, 0, 47, 0, 0, 0, 8, 55
"c:\Users\pete.richards\OneDrive - KSM Business Services Inc\Desktop\projects\map-ledger\frontend\src\components\ui\Input.tsx", "TypeScript JSX", 0, 0, 0, 0, 0, 0, 0, 26, 0, 0, 0, 2, 28
"c:\Users\pete.richards\OneDrive - KSM Business Services Inc\Desktop\projects\map-ledger\frontend\src\components\ui\MultiSelect.tsx", "TypeScript JSX", 0, 0, 0, 0, 0, 0, 0, 41, 0, 0, 0, 5, 46
"c:\Users\pete.richards\OneDrive - KSM Business Services Inc\Desktop\projects\map-ledger\frontend\src\components\ui\Select.tsx", "TypeScript JSX", 0, 0, 0, 0, 0, 0, 0, 26, 0, 0, 0, 2, 28
"c:\Users\pete.richards\OneDrive - KSM Business Services Inc\Desktop\projects\map-ledger\frontend\src\components\users\UserForm.tsx", "TypeScript JSX", 0, 0, 0, 0, 0, 0, 0, 99, 0, 0, 0, 12, 111
"c:\Users\pete.richards\OneDrive - KSM Business Services Inc\Desktop\projects\map-ledger\frontend\src\components\users\UserList.tsx", "TypeScript JSX", 0, 0, 0, 0, 0, 0, 0, 106, 0, 0, 0, 5, 111
"c:\Users\pete.richards\OneDrive - KSM Business Services Inc\Desktop\projects\map-ledger\frontend\src\data\standardChartOfAccounts.ts", "TypeScript", 0, 0, 0, 0, 0, 195, 0, 0, 0, 0, 0, 13, 208
"c:\Users\pete.richards\OneDrive - KSM Business Services Inc\Desktop\projects\map-ledger\frontend\src\index.css", "CSS", 0, 0, 0, 0, 0, 0, 0, 0, 71, 0, 4, 16, 91
"c:\Users\pete.richards\OneDrive - KSM Business Services Inc\Desktop\projects\map-ledger\frontend\src\main.tsx", "TypeScript JSX", 0, 0, 0, 0, 0, 0, 0, 27, 0, 0, 1, 4, 32
"c:\Users\pete.richards\OneDrive - KSM Business Services Inc\Desktop\projects\map-ledger\frontend\src\pages\AGENTS.md", "Markdown", 16, 0, 0, 0, 0, 0, 0, 0, 0, 0, 0, 6, 22
"c:\Users\pete.richards\OneDrive - KSM Business Services Inc\Desktop\projects\map-ledger\frontend\src\pages\Clients.tsx", "TypeScript JSX", 0, 0, 0, 0, 0, 0, 0, 15, 0, 0, 0, 1, 16
"c:\Users\pete.richards\OneDrive - KSM Business Services Inc\Desktop\projects\map-ledger\frontend\src\pages\Dashboard.tsx", "TypeScript JSX", 0, 0, 0, 0, 0, 0, 0, 17, 0, 0, 0, 3, 20
"c:\Users\pete.richards\OneDrive - KSM Business Services Inc\Desktop\projects\map-ledger\frontend\src\pages\Import.tsx", "TypeScript JSX", 0, 0, 0, 0, 0, 0, 0, 214, 0, 0, 1, 22, 237
"c:\Users\pete.richards\OneDrive - KSM Business Services Inc\Desktop\projects\map-ledger\frontend\src\pages\Integrations.tsx", "TypeScript JSX", 0, 0, 0, 0, 0, 0, 0, 72, 0, 0, 0, 3, 75
"c:\Users\pete.richards\OneDrive - KSM Business Services Inc\Desktop\projects\map-ledger\frontend\src\pages\Login.tsx", "TypeScript JSX", 0, 0, 0, 0, 0, 0, 0, 57, 0, 0, 1, 6, 64
"c:\Users\pete.richards\OneDrive - KSM Business Services Inc\Desktop\projects\map-ledger\frontend\src\pages\Mapping.tsx", "TypeScript JSX", 0, 0, 0, 0, 0, 0, 0, 58, 0, 0, 0, 6, 64
"c:\Users\pete.richards\OneDrive - KSM Business Services Inc\Desktop\projects\map-ledger\frontend\src\pages\Settings.tsx", "TypeScript JSX", 0, 0, 0, 0, 0, 0, 0, 15, 0, 0, 0, 1, 16
"c:\Users\pete.richards\OneDrive - KSM Business Services Inc\Desktop\projects\map-ledger\frontend\src\pages\Templates.tsx", "TypeScript JSX", 0, 0, 0, 0, 0, 0, 0, 193, 0, 0, 0, 13, 206
"c:\Users\pete.richards\OneDrive - KSM Business Services Inc\Desktop\projects\map-ledger\frontend\src\pages\Users.tsx", "TypeScript JSX", 0, 0, 0, 0, 0, 0, 0, 85, 0, 0, 0, 6, 91
"c:\Users\pete.richards\OneDrive - KSM Business Services Inc\Desktop\projects\map-ledger\frontend\src\pages\integrations\QuickBooks.tsx", "TypeScript JSX", 0, 0, 0, 0, 0, 0, 0, 340, 0, 0, 4, 18, 362
"c:\Users\pete.richards\OneDrive - KSM Business Services Inc\Desktop\projects\map-ledger\frontend\src\pages\integrations\SageIntacct.tsx", "TypeScript JSX", 0, 0, 0, 0, 0, 0, 0, 505, 0, 0, 3, 27, 535
"c:\Users\pete.richards\OneDrive - KSM Business Services Inc\Desktop\projects\map-ledger\frontend\src\setupTests.ts", "TypeScript", 0, 0, 0, 0, 0, 1, 0, 0, 0, 0, 0, 1, 2
"c:\Users\pete.richards\OneDrive - KSM Business Services Inc\Desktop\projects\map-ledger\frontend\src\store\AGENTS.md", "Markdown", 15, 0, 0, 0, 0, 0, 0, 0, 0, 0, 0, 5, 20
"c:\Users\pete.richards\OneDrive - KSM Business Services Inc\Desktop\projects\map-ledger\frontend\src\store\authStore.ts", "TypeScript", 0, 0, 0, 0, 0, 73, 0, 0, 0, 0, 0, 9, 82
"c:\Users\pete.richards\OneDrive - KSM Business Services Inc\Desktop\projects\map-ledger\frontend\src\store\clientStore.ts", "TypeScript", 0, 0, 0, 0, 0, 45, 0, 0, 0, 0, 1, 3, 49
"c:\Users\pete.richards\OneDrive - KSM Business Services Inc\Desktop\projects\map-ledger\frontend\src\store\distributionStore.ts", "TypeScript", 0, 0, 0, 0, 0, 169, 0, 0, 0, 0, 0, 10, 179
"c:\Users\pete.richards\OneDrive - KSM Business Services Inc\Desktop\projects\map-ledger\frontend\src\store\importStore.ts", "TypeScript", 0, 0, 0, 0, 0, 138, 0, 0, 0, 0, 0, 9, 147
"c:\Users\pete.richards\OneDrive - KSM Business Services Inc\Desktop\projects\map-ledger\frontend\src\store\mappingSelectionStore.ts", "TypeScript", 0, 0, 0, 0, 0, 22, 0, 0, 0, 0, 0, 3, 25
"c:\Users\pete.richards\OneDrive - KSM Business Services Inc\Desktop\projects\map-ledger\frontend\src\store\mappingStore.ts", "TypeScript", 0, 0, 0, 0, 0, 1181, 0, 0, 0, 0, 2, 134, 1317
"c:\Users\pete.richards\OneDrive - KSM Business Services Inc\Desktop\projects\map-ledger\frontend\src\store\organizationStore.ts", "TypeScript", 0, 0, 0, 0, 0, 304, 0, 0, 0, 0, 4, 36, 344
"c:\Users\pete.richards\OneDrive - KSM Business Services Inc\Desktop\projects\map-ledger\frontend\src\store\ratioAllocationStore.ts", "TypeScript", 0, 0, 0, 0, 0, 1114, 0, 0, 0, 0, 20, 95, 1229
"c:\Users\pete.richards\OneDrive - KSM Business Services Inc\Desktop\projects\map-ledger\frontend\src\store\templateStore.ts", "TypeScript", 0, 0, 0, 0, 0, 97, 0, 0, 0, 0, 0, 3, 100
"c:\Users\pete.richards\OneDrive - KSM Business Services Inc\Desktop\projects\map-ledger\frontend\src\store\themeStore.ts", "TypeScript", 0, 0, 0, 0, 0, 58, 0, 0, 0, 0, 0, 12, 70
"c:\Users\pete.richards\OneDrive - KSM Business Services Inc\Desktop\projects\map-ledger\frontend\src\store\userStore.ts", "TypeScript", 0, 0, 0, 0, 0, 46, 0, 0, 0, 0, 1, 3, 50
"c:\Users\pete.richards\OneDrive - KSM Business Services Inc\Desktop\projects\map-ledger\frontend\src\tests\AGENTS.md", "Markdown", 12, 0, 0, 0, 0, 0, 0, 0, 0, 0, 0, 5, 17
"c:\Users\pete.richards\OneDrive - KSM Business Services Inc\Desktop\projects\map-ledger\frontend\src\tests\BatchMapModal.test.tsx", "TypeScript JSX", 0, 0, 0, 0, 0, 0, 0, 28, 0, 0, 0, 5, 33
"c:\Users\pete.richards\OneDrive - KSM Business Services Inc\Desktop\projects\map-ledger\frontend\src\tests\BuildDatapointModal.test.tsx", "TypeScript JSX", 0, 0, 0, 0, 0, 0, 0, 54, 0, 0, 0, 11, 65
"c:\Users\pete.richards\OneDrive - KSM Business Services Inc\Desktop\projects\map-ledger\frontend\src\tests\DistributionTable.test.tsx", "TypeScript JSX", 0, 0, 0, 0, 0, 0, 0, 65, 0, 0, 0, 19, 84
"c:\Users\pete.richards\OneDrive - KSM Business Services Inc\Desktop\projects\map-ledger\frontend\src\tests\ExcludeAccounts.test.tsx", "TypeScript JSX", 0, 0, 0, 0, 0, 0, 0, 18, 0, 0, 0, 4, 22
"c:\Users\pete.richards\OneDrive - KSM Business Services Inc\Desktop\projects\map-ledger\frontend\src\tests\ImportForm.test.tsx", "TypeScript JSX", 0, 0, 0, 0, 0, 0, 0, 43, 0, 0, 0, 5, 48
"c:\Users\pete.richards\OneDrive - KSM Business Services Inc\Desktop\projects\map-ledger\frontend\src\tests\ImportNavigation.test.tsx", "TypeScript JSX", 0, 0, 0, 0, 0, 0, 0, 139, 0, 0, 0, 18, 157
"c:\Users\pete.richards\OneDrive - KSM Business Services Inc\Desktop\projects\map-ledger\frontend\src\tests\Layout.test.tsx", "TypeScript JSX", 0, 0, 0, 0, 0, 0, 0, 21, 0, 0, 0, 4, 25
"c:\Users\pete.richards\OneDrive - KSM Business Services Inc\Desktop\projects\map-ledger\frontend\src\tests\MappingLayout.test.tsx", "TypeScript JSX", 0, 0, 0, 0, 0, 0, 0, 128, 0, 0, 0, 12, 140
"c:\Users\pete.richards\OneDrive - KSM Business Services Inc\Desktop\projects\map-ledger\frontend\src\tests\MappingTable.test.tsx", "TypeScript JSX", 0, 0, 0, 0, 0, 0, 0, 83, 0, 0, 0, 23, 106
"c:\Users\pete.richards\OneDrive - KSM Business Services Inc\Desktop\projects\map-ledger\frontend\src\tests\MappingTableStatus.test.ts", "TypeScript", 0, 0, 0, 0, 0, 32, 0, 0, 0, 0, 3, 11, 46
"c:\Users\pete.richards\OneDrive - KSM Business Services Inc\Desktop\projects\map-ledger\frontend\src\tests\ReviewPane.test.tsx", "TypeScript JSX", 0, 0, 0, 0, 0, 0, 0, 127, 0, 0, 0, 14, 141
"c:\Users\pete.richards\OneDrive - KSM Business Services Inc\Desktop\projects\map-ledger\frontend\src\tests\__mocks__\fileMock.ts", "TypeScript", 0, 0, 0, 0, 0, 1, 0, 0, 0, 0, 0, 1, 2
"c:\Users\pete.richards\OneDrive - KSM Business Services Inc\Desktop\projects\map-ledger\frontend\src\tests\dynamicAllocation.test.ts", "TypeScript", 0, 0, 0, 0, 0, 47, 0, 0, 0, 0, 0, 10, 57
"c:\Users\pete.richards\OneDrive - KSM Business Services Inc\Desktop\projects\map-ledger\frontend\src\tests\extractDateFromText.test.ts", "TypeScript", 0, 0, 0, 0, 0, 140, 0, 0, 0, 0, 1, 23, 164
"c:\Users\pete.richards\OneDrive - KSM Business Services Inc\Desktop\projects\map-ledger\frontend\src\tests\importStore.test.ts", "TypeScript", 0, 0, 0, 0, 0, 84, 0, 0, 0, 0, 0, 13, 97
"c:\Users\pete.richards\OneDrive - KSM Business Services Inc\Desktop\projects\map-ledger\frontend\src\tests\loginFlows.test.tsx", "TypeScript JSX", 0, 0, 0, 0, 0, 0, 0, 122, 0, 0, 0, 19, 141
"c:\Users\pete.richards\OneDrive - KSM Business Services Inc\Desktop\projects\map-ledger\frontend\src\tests\mappingStore.test.ts", "TypeScript", 0, 0, 0, 0, 0, 288, 0, 0, 0, 0, 3, 27, 318
"c:\Users\pete.richards\OneDrive - KSM Business Services Inc\Desktop\projects\map-ledger\frontend\src\tests\organizationStore.test.ts", "TypeScript", 0, 0, 0, 0, 0, 106, 0, 0, 0, 0, 0, 10, 116
"c:\Users\pete.richards\OneDrive - KSM Business Services Inc\Desktop\projects\map-ledger\frontend\src\tests\parseCurrencyValue.test.ts", "TypeScript", 0, 0, 0, 0, 0, 27, 0, 0, 0, 0, 0, 4, 31
"c:\Users\pete.richards\OneDrive - KSM Business Services Inc\Desktop\projects\map-ledger\frontend\src\tests\parseTrialBalanceWorkbook.test.ts", "TypeScript", 0, 0, 0, 0, 0, 67, 0, 0, 0, 0, 0, 12, 79
"c:\Users\pete.richards\OneDrive - KSM Business Services Inc\Desktop\projects\map-ledger\frontend\src\tests\ratioAllocationStore.test.ts", "TypeScript", 0, 0, 0, 0, 0, 494, 0, 0, 0, 0, 0, 47, 541
"c:\Users\pete.richards\OneDrive - KSM Business Services Inc\Desktop\projects\map-ledger\frontend\src\types\AGENTS.md", "Markdown", 47, 0, 0, 0, 0, 0, 0, 0, 0, 0, 0, 7, 54
"c:\Users\pete.richards\OneDrive - KSM Business Services Inc\Desktop\projects\map-ledger\frontend\src\types\index.ts", "TypeScript", 0, 0, 0, 0, 0, 409, 0, 0, 0, 0, 16, 49, 474
"c:\Users\pete.richards\OneDrive - KSM Business Services Inc\Desktop\projects\map-ledger\frontend\src\utils\AGENTS.md", "Markdown", 38, 0, 0, 0, 0, 0, 0, 0, 0, 0, 0, 12, 50
"c:\Users\pete.richards\OneDrive - KSM Business Services Inc\Desktop\projects\map-ledger\frontend\src\utils\allocationCalculationService.ts", "TypeScript", 0, 0, 0, 0, 0, 43, 0, 0, 0, 0, 5, 8, 56
"c:\Users\pete.richards\OneDrive - KSM Business Services Inc\Desktop\projects\map-ledger\frontend\src\utils\buildMappingRowsFromImport.ts", "TypeScript", 0, 0, 0, 0, 0, 91, 0, 0, 0, 0, 0, 9, 100
"c:\Users\pete.richards\OneDrive - KSM Business Services Inc\Desktop\projects\map-ledger\frontend\src\utils\buildTemplateFromRows.ts", "TypeScript", 0, 0, 0, 0, 0, 71, 0, 0, 0, 0, 0, 10, 81
"c:\Users\pete.richards\OneDrive - KSM Business Services Inc\Desktop\projects\map-ledger\frontend\src\utils\dynamicAllocation.ts", "TypeScript", 0, 0, 0, 0, 0, 304, 0, 0, 0, 0, 12, 42, 358
"c:\Users\pete.richards\OneDrive - KSM Business Services Inc\Desktop\projects\map-ledger\frontend\src\utils\env.ts", "TypeScript", 0, 0, 0, 0, 0, 24, 0, 0, 0, 0, 0, 2, 26
"c:\Users\pete.richards\OneDrive - KSM Business Services Inc\Desktop\projects\map-ledger\frontend\src\utils\extractDateFromText.ts", "TypeScript", 0, 0, 0, 0, 0, 173, 0, 0, 0, 0, 47, 23, 243
"c:\Users\pete.richards\OneDrive - KSM Business Services Inc\Desktop\projects\map-ledger\frontend\src\utils\file.ts", "TypeScript", 0, 0, 0, 0, 0, 42, 0, 0, 0, 0, 0, 11, 53
"c:\Users\pete.richards\OneDrive - KSM Business Services Inc\Desktop\projects\map-ledger\frontend\src\utils\getClientTemplateMapping.ts", "TypeScript", 0, 0, 0, 0, 0, 26, 0, 0, 0, 0, 0, 1, 27
"c:\Users\pete.richards\OneDrive - KSM Business Services Inc\Desktop\projects\map-ledger\frontend\src\utils\msal.ts", "TypeScript", 0, 0, 0, 0, 0, 51, 0, 0, 0, 0, 3, 9, 63
"c:\Users\pete.richards\OneDrive - KSM Business Services Inc\Desktop\projects\map-ledger\frontend\src\utils\parseCOATemplateFile.ts", "TypeScript", 0, 0, 0, 0, 0, 67, 0, 0, 0, 0, 0, 6, 73
"c:\Users\pete.richards\OneDrive - KSM Business Services Inc\Desktop\projects\map-ledger\frontend\src\utils\parseCurrencyValue.ts", "TypeScript", 0, 0, 0, 0, 0, 34, 0, 0, 0, 0, 0, 14, 48
"c:\Users\pete.richards\OneDrive - KSM Business Services Inc\Desktop\projects\map-ledger\frontend\src\utils\parseTrialBalanceWorkbook.ts", "TypeScript", 0, 0, 0, 0, 0, 154, 0, 0, 0, 0, 1, 37, 192
"c:\Users\pete.richards\OneDrive - KSM Business Services Inc\Desktop\projects\map-ledger\frontend\src\utils\period.ts", "TypeScript", 0, 0, 0, 0, 0, 36, 0, 0, 0, 0, 0, 11, 47
"c:\Users\pete.richards\OneDrive - KSM Business Services Inc\Desktop\projects\map-ledger\frontend\src\utils\scroll.ts", "TypeScript", 0, 0, 0, 0, 0, 20, 0, 0, 0, 0, 0, 7, 27
"c:\Users\pete.richards\OneDrive - KSM Business Services Inc\Desktop\projects\map-ledger\frontend\src\utils\suggestColumnMatch.ts", "TypeScript", 0, 0, 0, 0, 0, 33, 0, 0, 0, 0, 0, 6, 39
"c:\Users\pete.richards\OneDrive - KSM Business Services Inc\Desktop\projects\map-ledger\frontend\src\utils\targetScoaOptions.ts", "TypeScript", 0, 0, 0, 0, 0, 23, 0, 0, 0, 0, 0, 7, 30
"c:\Users\pete.richards\OneDrive - KSM Business Services Inc\Desktop\projects\map-ledger\frontend\src\vite-env.d.ts", "TypeScript", 0, 0, 0, 0, 0, 0, 0, 0, 0, 0, 1, 1, 2
"c:\Users\pete.richards\OneDrive - KSM Business Services Inc\Desktop\projects\map-ledger\frontend\staticwebapp.config.json", "JSON", 0, 0, 0, 9, 0, 0, 0, 0, 0, 0, 0, 1, 10
"c:\Users\pete.richards\OneDrive - KSM Business Services Inc\Desktop\projects\map-ledger\frontend\tailwind.config.js", "JavaScript", 0, 29, 0, 0, 0, 0, 0, 0, 0, 0, 1, 0, 30
"c:\Users\pete.richards\OneDrive - KSM Business Services Inc\Desktop\projects\map-ledger\frontend\tsconfig.app.json", "JSON", 0, 0, 0, 20, 0, 0, 0, 0, 0, 0, 2, 3, 25
"c:\Users\pete.richards\OneDrive - KSM Business Services Inc\Desktop\projects\map-ledger\frontend\tsconfig.json", "JSON with Comments", 0, 0, 0, 0, 7, 0, 0, 0, 0, 0, 0, 1, 8
"c:\Users\pete.richards\OneDrive - KSM Business Services Inc\Desktop\projects\map-ledger\frontend\tsconfig.node.json", "JSON", 0, 0, 0, 18, 0, 0, 0, 0, 0, 0, 2, 3, 23
"c:\Users\pete.richards\OneDrive - KSM Business Services Inc\Desktop\projects\map-ledger\frontend\vite.config.ts", "TypeScript", 0, 0, 0, 0, 0, 17, 0, 0, 0, 0, 0, 3, 20
"c:\Users\pete.richards\OneDrive - KSM Business Services Inc\Desktop\projects\map-ledger\package.json", "JSON", 0, 0, 0, 21, 0, 0, 0, 0, 0, 0, 0, 1, 22
"Total", "-", 391, 99, 3412, 235, 33, 8344, 23, 10405, 71, 58, 206, 2220, 25497